"Link","Name","Pos","Year","College","RAS","Alltime"
"<a   class=""nt_btn "" style=""color: rgba(0, 0, 0, 1);background-color: rgba(255, 255, 255, 1);border-color: rgba(0, 0, 0, 1);"" rel="""" href=""https://ras.football/ras-information/?PlayerID=12220&ovl=Rams"">Link</a>","Todd Gurley","RB","2015","Georgia",,
"<a   class=""nt_btn "" style=""color: rgba(0, 0, 0, 1);background-color: rgba(255, 255, 255, 1);border-color: rgba(0, 0, 0, 1);"" rel="""" href=""https://ras.football/ras-information/?PlayerID=12526&ovl=Broncos"">Link</a>","Devontae Booker","RB","2016","Utah",,
"<a   class=""nt_btn "" style=""color: rgba(0, 0, 0, 1);background-color: rgba(255, 255, 255, 1);border-color: rgba(0, 0, 0, 1);"" rel="""" href=""https://ras.football/ras-information/?PlayerID=15545&ovl=Panthers"">Link</a>","Jonathon Brooks","RB","2024","Texas",,
"<a   class=""nt_btn "" style=""color: rgba(0, 0, 0, 1);background-color: rgba(255, 255, 255, 1);border-color: rgba(0, 0, 0, 1);"" rel="""" href=""https://ras.football/ras-information/?PlayerID=16940&ovl=Buccaneers"">Link</a>","Ronald Jones","RB","2018","Southern California",,
"<a   class=""nt_btn "" style=""color: rgba(0, 0, 0, 1);background-color: rgba(255, 255, 255, 1);border-color: rgba(0, 0, 0, 1);"" rel="""" href=""https://ras.football/ras-information/?PlayerID=17458&ovl=Commanders"">Link</a>","Bryce Love","RB","2019","Stanford",,
"<a   class=""nt_btn "" style=""color: rgba(0, 0, 0, 1);background-color: rgba(255, 255, 255, 1);border-color: rgba(0, 0, 0, 1);"" rel="""" href=""https://ras.football/ras-information/?PlayerID=18078&ovl=Steelers"">Link</a>","Najee Harris","RB","2021","Alabama",,
"<a   class=""nt_btn "" style=""color: rgba(0, 0, 0, 1);background-color: rgba(255, 255, 255, 1);border-color: rgba(0, 0, 0, 1);"" rel="""" href=""https://ras.football/ras-information/?PlayerID=19012&ovl=Bengals"">Link</a>","Rodney Anderson","RB","2019","Oklahoma",,
"<a   class=""nt_btn "" style=""color: rgba(0, 0, 0, 1);background-color: rgba(255, 255, 255, 1);border-color: rgba(0, 0, 0, 1);"" rel="""" href=""https://ras.football/ras-information/?PlayerID=20146&ovl=Ravens"">Link</a>","J.K. Dobbins","RB","2020","Ohio State",,
"<a   class=""nt_btn "" style=""color: rgba(0, 0, 0, 1);background-color: rgba(255, 255, 255, 1);border-color: rgba(0, 0, 0, 1);"" rel="""" href=""https://ras.football/ras-information/?PlayerID=20199&ovl=Raiders"">Link</a>","Lynn Bowden","RB","2020","Kentucky",,
"<a   class=""nt_btn "" style=""color: rgba(0, 0, 0, 1);background-color: rgba(255, 255, 255, 1);border-color: rgba(0, 0, 0, 1);"" rel="""" href=""https://ras.football/ras-information/?PlayerID=21111&ovl=Titans"">Link</a>","Hassan Haskins","RB","2022","Michigan",,
"<a   class=""nt_btn "" style=""color: rgba(0, 0, 0, 1);background-color: rgba(255, 255, 255, 1);border-color: rgba(0, 0, 0, 1);"" rel="""" href=""https://ras.football/ras-information/?PlayerID=23224&ovl=Vikings"">Link</a>","DeWayne McBride","RB","2023","Alabama Birmingham",,
"<a   class=""nt_btn "" style=""color: rgba(0, 0, 0, 1);background-color: rgba(255, 255, 255, 1);border-color: rgba(0, 0, 0, 1);"" rel="""" href=""https://ras.football/ras-information/?PlayerID=23225&ovl=Saints"">Link</a>","Kendre Miller","RB","2023","Texas Christian",,
"<a   class=""nt_btn "" style=""color: rgba(0, 0, 0, 1);background-color: rgba(255, 255, 255, 1);border-color: rgba(0, 0, 0, 1);"" rel="""" href=""https://ras.football/ras-information/?PlayerID=23509&ovl=Packers"">Link</a>","Lew Nichols III","RB","2023","Central Michigan",,
"<a   class=""nt_btn "" style=""color: rgba(0, 0, 0, 1);background-color: rgba(255, 255, 255, 1);border-color: rgba(0, 0, 0, 1);"" rel="""" href=""https://ras.football/ras-information/?PlayerID=25111&ovl=Ravens"">Link</a>","Rasheen Ali","RB","2024","Marshall",,
"<a   class=""nt_btn "" style=""color: rgba(0, 0, 0, 1);background-color: rgba(255, 255, 255, 1);border-color: rgba(0, 0, 0, 1);"" rel="""" href=""https://ras.football/ras-information/?PlayerID=25200&ovl=Jets"">Link</a>","Braelon Allen","RB","2024","Wisconsin",,
"<a   class=""nt_btn "" style=""color: rgba(0, 0, 0, 1);background-color: rgba(255, 255, 255, 1);border-color: rgba(0, 0, 0, 1);"" rel="""" href=""https://ras.football/ras-information/?PlayerID=25248&ovl=Falcons"">Link</a>","Jase McClellan","RB","2024","Alabama",,
"<a   class=""nt_btn "" style=""color: rgba(0, 0, 0, 1);background-color: rgba(255, 255, 255, 1);border-color: rgba(0, 0, 0, 1);"" rel="""" href=""https://ras.football/ras-information/?PlayerID=27434&ovl=Steelers"">Link</a>","Kaleb Johnson","RB","2025","Iowa",,
"<a   class=""nt_btn "" style=""color: rgba(0, 0, 0, 1);background-color: rgba(255, 255, 255, 1);border-color: rgba(0, 0, 0, 1);"" rel="""" href=""https://ras.football/ras-information/?PlayerID=27166&ovl=Titans"">Link</a>","Kalel Mullings","RB","2025","Michigan",,
"<a   class=""nt_btn "" style=""color: rgba(0, 0, 0, 1);background-color: rgba(255, 255, 255, 1);border-color: rgba(0, 0, 0, 1);"" rel="""" href=""https://ras.football/ras-information/?PlayerID=27413&ovl=Cowboys"">Link</a>","Phil Mafah","RB","2025","Clemson",,
"<a   class=""nt_btn "" style=""color: rgba(0, 0, 0, 1);background-color: rgba(255, 255, 255, 1);border-color: rgba(0, 0, 0, 1);"" rel="""" href=""https://ras.football/ras-information/?PlayerID=27171&ovl=Raiders"">Link</a>","Ashton Jeanty","RB","2025","Boise State",,
"<a   class=""nt_btn "" style=""color: rgba(0, 0, 0, 1);background-color: rgba(255, 255, 255, 1);border-color: rgba(0, 0, 0, 1);"" rel="""" href=""https://ras.football/ras-information/?PlayerID=27224&ovl=Jaguars"">Link</a>","LeQuint Allen","RB","2025","Syracuse",,
"<a   class=""nt_btn "" style=""color: rgba(0, 0, 0, 1);background-color: rgba(255, 255, 255, 1);border-color: rgba(0, 0, 0, 1);"" rel="""" href=""https://ras.football/ras-information/?PlayerID=12073&ovl=Saints"">Link</a>","Marcus Murphy","RB","2015","Missouri","0.24","0.70"
"<a   class=""nt_btn "" style=""color: rgba(0, 0, 0, 1);background-color: rgba(255, 255, 255, 1);border-color: rgba(0, 0, 0, 1);"" rel="""" href=""https://ras.football/ras-information/?PlayerID=12029&ovl=Texans"">Link</a>","Kenny Hilliard","RB","2015","Louisiana State","0.91","1.62"
"<a   class=""nt_btn "" style=""color: rgba(0, 0, 0, 1);background-color: rgba(255, 255, 255, 1);border-color: rgba(0, 0, 0, 1);"" rel="""" href=""https://ras.football/ras-information/?PlayerID=12004&ovl=Colts"">Link</a>","Josh Robinson","RB","2015","Mississippi State","1.10","1.72"
"<a   class=""nt_btn "" style=""color: rgba(0, 0, 0, 1);background-color: rgba(255, 255, 255, 1);border-color: rgba(0, 0, 0, 1);"" rel="""" href=""https://ras.football/ras-information/?PlayerID=19018&ovl=Bills"">Link</a>","Devin Singletary","RB","2019","Florida Atlantic","1.65","2.06"
"<a   class=""nt_btn "" style=""color: rgba(0, 0, 0, 1);background-color: rgba(255, 255, 255, 1);border-color: rgba(0, 0, 0, 1);"" rel="""" href=""https://ras.football/ras-information/?PlayerID=25196&ovl=Buccaneers"">Link</a>","Bucky Irving","RB","2024","Oregon","2.22","2.30"
"<a   class=""nt_btn "" style=""color: rgba(0, 0, 0, 1);background-color: rgba(255, 255, 255, 1);border-color: rgba(0, 0, 0, 1);"" rel="""" href=""https://ras.football/ras-information/?PlayerID=14547&ovl=Browns"">Link</a>","Matt Dayes","RB","2017","North Carolina State","1.74","2.36"
"<a   class=""nt_btn "" style=""color: rgba(0, 0, 0, 1);background-color: rgba(255, 255, 255, 1);border-color: rgba(0, 0, 0, 1);"" rel="""" href=""https://ras.football/ras-information/?PlayerID=19446&ovl=Chargers"">Link</a>","Larry Rountree","RB","2021","Missouri","2.01","2.42"
"<a   class=""nt_btn "" style=""color: rgba(0, 0, 0, 1);background-color: rgba(255, 255, 255, 1);border-color: rgba(0, 0, 0, 1);"" rel="""" href=""https://ras.football/ras-information/?PlayerID=20861&ovl=Lions"">Link</a>","Jermar Jefferson","RB","2021","Oregon State","2.22","2.66"
"<a   class=""nt_btn "" style=""color: rgba(0, 0, 0, 1);background-color: rgba(255, 255, 255, 1);border-color: rgba(0, 0, 0, 1);"" rel="""" href=""https://ras.football/ras-information/?PlayerID=14253&ovl=Bills"">Link</a>","Zack Moss","RB","2020","Utah","2.80","3.32"
"<a   class=""nt_btn "" style=""color: rgba(0, 0, 0, 1);background-color: rgba(255, 255, 255, 1);border-color: rgba(0, 0, 0, 1);"" rel="""" href=""https://ras.football/ras-information/?PlayerID=12751&ovl=49ers"">Link</a>","Kelvin Taylor","RB","2016","Florida","2.66","3.51"
"<a   class=""nt_btn "" style=""color: rgba(0, 0, 0, 1);background-color: rgba(255, 255, 255, 1);border-color: rgba(0, 0, 0, 1);"" rel="""" href=""https://ras.football/ras-information/?PlayerID=12292&ovl=Seahawks"">Link</a>","Alex Collins","RB","2016","Arkansas","2.96","3.55"
"<a   class=""nt_btn "" style=""color: rgba(0, 0, 0, 1);background-color: rgba(255, 255, 255, 1);border-color: rgba(0, 0, 0, 1);"" rel="""" href=""https://ras.football/ras-information/?PlayerID=20977&ovl=Rams"">Link</a>","Kyren Williams","RB","2022","Notre Dame","3.46","3.99"
"<a   class=""nt_btn "" style=""color: rgba(0, 0, 0, 1);background-color: rgba(255, 255, 255, 1);border-color: rgba(0, 0, 0, 1);"" rel="""" href=""https://ras.football/ras-information/?PlayerID=14958&ovl=Bears"">Link</a>","Tarik Cohen","RB","2017","North Carolina A&T","3.92","4.02"
"<a   class=""nt_btn "" style=""color: rgba(0, 0, 0, 1);background-color: rgba(255, 255, 255, 1);border-color: rgba(0, 0, 0, 1);"" rel="""" href=""https://ras.football/ras-information/?PlayerID=27427&ovl=Bears"">Link</a>","Kyle Monangai","RB","2025","Rutgers","4.03","4.03"
"<a   class=""nt_btn "" style=""color: rgba(0, 0, 0, 1);background-color: rgba(255, 255, 255, 1);border-color: rgba(0, 0, 0, 1);"" rel="""" href=""https://ras.football/ras-information/?PlayerID=19015&ovl=Steelers"">Link</a>","Benny Snell","RB","2019","Kentucky","3.41","4.09"
"<a   class=""nt_btn "" style=""color: rgba(0, 0, 0, 1);background-color: rgba(255, 255, 255, 1);border-color: rgba(0, 0, 0, 1);"" rel="""" href=""https://ras.football/ras-information/?PlayerID=13767&ovl=Eagles"">Link</a>","Donnel Pumphrey","RB","2017","San Diego State","4.01","4.18"
"<a   class=""nt_btn "" style=""color: rgba(0, 0, 0, 1);background-color: rgba(255, 255, 255, 1);border-color: rgba(0, 0, 0, 1);"" rel="""" href=""https://ras.football/ras-information/?PlayerID=23069&ovl=Seahawks"">Link</a>","Kenny McIntosh","RB","2023","Georgia","4.08","4.21"
"<a   class=""nt_btn "" style=""color: rgba(0, 0, 0, 1);background-color: rgba(255, 255, 255, 1);border-color: rgba(0, 0, 0, 1);"" rel="""" href=""https://ras.football/ras-information/?PlayerID=19478&ovl=Patriots"">Link</a>","Rhamondre Stevenson","RB","2021","Oklahoma","3.98","4.49"
"<a   class=""nt_btn "" style=""color: rgba(0, 0, 0, 1);background-color: rgba(255, 255, 255, 1);border-color: rgba(0, 0, 0, 1);"" rel="""" href=""https://ras.football/ras-information/?PlayerID=20145&ovl=Steelers"">Link</a>","Anthony McFarland","RB","2020","Maryland","4.40","4.52"
"<a   class=""nt_btn "" style=""color: rgba(0, 0, 0, 1);background-color: rgba(255, 255, 255, 1);border-color: rgba(0, 0, 0, 1);"" rel="""" href=""https://ras.football/ras-information/?PlayerID=23230&ovl=Cowboys"">Link</a>","Deuce Vaughn","RB","2023","Kansas State","4.32","4.56"
"<a   class=""nt_btn "" style=""color: rgba(0, 0, 0, 1);background-color: rgba(255, 255, 255, 1);border-color: rgba(0, 0, 0, 1);"" rel="""" href=""https://ras.football/ras-information/?PlayerID=27304&ovl=49ers"">Link</a>","Jordan James","RB","2025","Oregon","4.65","4.65"
"<a   class=""nt_btn "" style=""color: rgba(0, 0, 0, 1);background-color: rgba(255, 255, 255, 1);border-color: rgba(0, 0, 0, 1);"" rel="""" href=""https://ras.football/ras-information/?PlayerID=25110&ovl=Texans"">Link</a>","Jawhar Jordan","RB","2024","Louisville","4.60","4.72"
"<a   class=""nt_btn "" style=""color: rgba(0, 0, 0, 1);background-color: rgba(255, 255, 255, 1);border-color: rgba(0, 0, 0, 1);"" rel="""" href=""https://ras.football/ras-information/?PlayerID=17465&ovl=Falcons"">Link</a>","Qadree Ollison","RB","2019","Pittsburgh","4.43","4.90"
"<a   class=""nt_btn "" style=""color: rgba(0, 0, 0, 1);background-color: rgba(255, 255, 255, 1);border-color: rgba(0, 0, 0, 1);"" rel="""" href=""https://ras.football/ras-information/?PlayerID=19603&ovl=Giants"">Link</a>","Gary Brightwell","RB","2021","Arizona","4.57","4.96"
"<a   class=""nt_btn "" style=""color: rgba(0, 0, 0, 1);background-color: rgba(255, 255, 255, 1);border-color: rgba(0, 0, 0, 1);"" rel="""" href=""https://ras.football/ras-information/?PlayerID=19019&ovl=Bengals"">Link</a>","Trayveon Williams","RB","2019","Texas A&M","4.60","5.06"
"<a   class=""nt_btn "" style=""color: rgba(0, 0, 0, 1);background-color: rgba(255, 255, 255, 1);border-color: rgba(0, 0, 0, 1);"" rel="""" href=""https://ras.football/ras-information/?PlayerID=14041&ovl=Steelers"">Link</a>","James Conner","RB","2017","Pittsburgh","4.33","5.07"
"<a   class=""nt_btn "" style=""color: rgba(0, 0, 0, 1);background-color: rgba(255, 255, 255, 1);border-color: rgba(0, 0, 0, 1);"" rel="""" href=""https://ras.football/ras-information/?PlayerID=17462&ovl=Panthers"">Link</a>","Jordan Scarlett","RB","2019","Florida","4.71","5.07"
"<a   class=""nt_btn "" style=""color: rgba(0, 0, 0, 1);background-color: rgba(255, 255, 255, 1);border-color: rgba(0, 0, 0, 1);"" rel="""" href=""https://ras.football/ras-information/?PlayerID=21161&ovl=Bears"">Link</a>","Trestan Ebner","RB","2022","Baylor","4.77","5.10"
"<a   class=""nt_btn "" style=""color: rgba(0, 0, 0, 1);background-color: rgba(255, 255, 255, 1);border-color: rgba(0, 0, 0, 1);"" rel="""" href=""https://ras.football/ras-information/?PlayerID=16260&ovl=Rams"">Link</a>","John Kelly","RB","2018","Tennessee","4.43","5.12"
"<a   class=""nt_btn "" style=""color: rgba(0, 0, 0, 1);background-color: rgba(255, 255, 255, 1);border-color: rgba(0, 0, 0, 1);"" rel="""" href=""https://ras.football/ras-information/?PlayerID=15722&ovl=Broncos"">Link</a>","David Williams","RB","2018","Arkansas","4.76","5.15"
"<a   class=""nt_btn "" style=""color: rgba(0, 0, 0, 1);background-color: rgba(255, 255, 255, 1);border-color: rgba(0, 0, 0, 1);"" rel="""" href=""https://ras.football/ras-information/?PlayerID=21388&ovl=Raiders"">Link</a>","Brittain Brown","RB","2022","UCLA","4.75","5.23"
"<a   class=""nt_btn "" style=""color: rgba(0, 0, 0, 1);background-color: rgba(255, 255, 255, 1);border-color: rgba(0, 0, 0, 1);"" rel="""" href=""https://ras.football/ras-information/?PlayerID=12744&ovl=Ravens"">Link</a>","Keenan Reynolds","RB","2016","Navy","4.55","5.25"
"<a   class=""nt_btn "" style=""color: rgba(0, 0, 0, 1);background-color: rgba(255, 255, 255, 1);border-color: rgba(0, 0, 0, 1);"" rel="""" href=""https://ras.football/ras-information/?PlayerID=14026&ovl=Packers"">Link</a>","Jamaal Williams","RB","2017","BYU","4.55","5.25"
"<a   class=""nt_btn "" style=""color: rgba(0, 0, 0, 1);background-color: rgba(255, 255, 255, 1);border-color: rgba(0, 0, 0, 1);"" rel="""" href=""https://ras.football/ras-information/?PlayerID=16616&ovl=Bengals"">Link</a>","Mark Walton","RB","2018","Miami","4.55","5.26"
"<a   class=""nt_btn "" style=""color: rgba(0, 0, 0, 1);background-color: rgba(255, 255, 255, 1);border-color: rgba(0, 0, 0, 1);"" rel="""" href=""https://ras.football/ras-information/?PlayerID=13828&ovl=Jets"">Link</a>","Elijah Mcguire","RB","2017","Louisiana","4.62","5.38"
"<a   class=""nt_btn "" style=""color: rgba(0, 0, 0, 1);background-color: rgba(255, 255, 255, 1);border-color: rgba(0, 0, 0, 1);"" rel="""" href=""https://ras.football/ras-information/?PlayerID=11836&ovl=Titans"">Link</a>","David Cobb","RB","2015","Minnesota","4.55","5.40"
"<a   class=""nt_btn "" style=""color: rgba(0, 0, 0, 1);background-color: rgba(255, 255, 255, 1);border-color: rgba(0, 0, 0, 1);"" rel="""" href=""https://ras.football/ras-information/?PlayerID=13556&ovl=Vikings"">Link</a>","Dalvin Cook","RB","2017","Florida State","4.65","5.41"
"<a   class=""nt_btn "" style=""color: rgba(0, 0, 0, 1);background-color: rgba(255, 255, 255, 1);border-color: rgba(0, 0, 0, 1);"" rel="""" href=""https://ras.football/ras-information/?PlayerID=17477&ovl=Buccaneers"">Link</a>","Ke'Shawn Vaughn","RB","2020","Vanderbilt","5.17","5.46"
"<a   class=""nt_btn "" style=""color: rgba(0, 0, 0, 1);background-color: rgba(255, 255, 255, 1);border-color: rgba(0, 0, 0, 1);"" rel="""" href=""https://ras.football/ras-information/?PlayerID=25109&ovl=Bills"">Link</a>","Re'Mahn Davis","RB","2024","Kentucky","5.41","5.48"
"<a   class=""nt_btn "" style=""color: rgba(0, 0, 0, 1);background-color: rgba(255, 255, 255, 1);border-color: rgba(0, 0, 0, 1);"" rel="""" href=""https://ras.football/ras-information/?PlayerID=20138&ovl=Chiefs"">Link</a>","Clyde Edwards-Helaire","RB","2020","Louisiana State","5.41","5.56"
"<a   class=""nt_btn "" style=""color: rgba(0, 0, 0, 1);background-color: rgba(255, 255, 255, 1);border-color: rgba(0, 0, 0, 1);"" rel="""" href=""https://ras.football/ras-information/?PlayerID=19023&ovl=Bears"">Link</a>","David Montgomery","RB","2019","Iowa State","5.15","5.63"
"<a   class=""nt_btn "" style=""color: rgba(0, 0, 0, 1);background-color: rgba(255, 255, 255, 1);border-color: rgba(0, 0, 0, 1);"" rel="""" href=""https://ras.football/ras-information/?PlayerID=20186&ovl=Seahawks"">Link</a>","Deejay Dallas","RB","2020","Miami","5.06","5.68"
"<a   class=""nt_btn "" style=""color: rgba(0, 0, 0, 1);background-color: rgba(255, 255, 255, 1);border-color: rgba(0, 0, 0, 1);"" rel="""" href=""https://ras.football/ras-information/?PlayerID=14854&ovl=Commanders"">Link</a>","Samaje Perine","RB","2017","Oklahoma","4.94","5.76"
"<a   class=""nt_btn "" style=""color: rgba(0, 0, 0, 1);background-color: rgba(255, 255, 255, 1);border-color: rgba(0, 0, 0, 1);"" rel="""" href=""https://ras.football/ras-information/?PlayerID=19031&ovl=Jets"">Link</a>","La'Mical Perine","RB","2020","Florida","5.25","5.78"
"<a   class=""nt_btn "" style=""color: rgba(0, 0, 0, 1);background-color: rgba(255, 255, 255, 1);border-color: rgba(0, 0, 0, 1);"" rel="""" href=""https://ras.football/ras-information/?PlayerID=12084&ovl=Commanders"">Link</a>","Matt Jones","RB","2015","Florida","5.23","5.81"
"<a   class=""nt_btn "" style=""color: rgba(0, 0, 0, 1);background-color: rgba(255, 255, 255, 1);border-color: rgba(0, 0, 0, 1);"" rel="""" href=""https://ras.football/ras-information/?PlayerID=14311&ovl=Chiefs"">Link</a>","Kareem Hunt","RB","2017","Toledo","5.15","5.83"
"<a   class=""nt_btn "" style=""color: rgba(0, 0, 0, 1);background-color: rgba(255, 255, 255, 1);border-color: rgba(0, 0, 0, 1);"" rel="""" href=""https://ras.football/ras-information/?PlayerID=19017&ovl=Raiders"">Link</a>","Josh Jacobs","RB","2019","Alabama","5.65","5.93"
"<a   class=""nt_btn "" style=""color: rgba(0, 0, 0, 1);background-color: rgba(255, 255, 255, 1);border-color: rgba(0, 0, 0, 1);"" rel="""" href=""https://ras.football/ras-information/?PlayerID=21124&ovl=Chargers"">Link</a>","Isaiah Spiller","RB","2022","Texas A&M","5.66","5.98"
"<a   class=""nt_btn "" style=""color: rgba(0, 0, 0, 1);background-color: rgba(255, 255, 255, 1);border-color: rgba(0, 0, 0, 1);"" rel="""" href=""https://ras.football/ras-information/?PlayerID=16027&ovl=Dolphins"">Link</a>","Devon Achane","RB","2023","Texas A&M","5.72","6.00"
"<a   class=""nt_btn "" style=""color: rgba(0, 0, 0, 1);background-color: rgba(255, 255, 255, 1);border-color: rgba(0, 0, 0, 1);"" rel="""" href=""https://ras.football/ras-information/?PlayerID=18570&ovl=Eagles"">Link</a>","Kenneth Gainwell","RB","2021","Memphis","5.66","6.03"
"<a   class=""nt_btn "" style=""color: rgba(0, 0, 0, 1);background-color: rgba(255, 255, 255, 1);border-color: rgba(0, 0, 0, 1);"" rel="""" href=""https://ras.football/ras-information/?PlayerID=12901&ovl=Giants"">Link</a>","Paul Perkins","RB","2016","UCLA","5.39","6.11"
"<a   class=""nt_btn "" style=""color: rgba(0, 0, 0, 1);background-color: rgba(255, 255, 255, 1);border-color: rgba(0, 0, 0, 1);"" rel="""" href=""https://ras.football/ras-information/?PlayerID=20142&ovl=Cardinals"">Link</a>","Eno Benjamin","RB","2020","Arizona State","5.76","6.21"
"<a   class=""nt_btn "" style=""color: rgba(0, 0, 0, 1);background-color: rgba(255, 255, 255, 1);border-color: rgba(0, 0, 0, 1);"" rel="""" href=""https://ras.football/ras-information/?PlayerID=27191&ovl=Dolphins"">Link</a>","Ollie Gordon II","RB","2025","Oklahoma State","6.21","6.21"
"<a   class=""nt_btn "" style=""color: rgba(0, 0, 0, 1);background-color: rgba(255, 255, 255, 1);border-color: rgba(0, 0, 0, 1);"" rel="""" href=""https://ras.football/ras-information/?PlayerID=13646&ovl=Broncos"">Link</a>","De'Angelo Henderson","RB","2017","Coastal Carolina","5.66","6.22"
"<a   class=""nt_btn "" style=""color: rgba(0, 0, 0, 1);background-color: rgba(255, 255, 255, 1);border-color: rgba(0, 0, 0, 1);"" rel="""" href=""https://ras.football/ras-information/?PlayerID=13826&ovl=Raiders"">Link</a>","Elijah Hood","RB","2017","North Carolina","5.69","6.24"
"<a   class=""nt_btn "" style=""color: rgba(0, 0, 0, 1);background-color: rgba(255, 255, 255, 1);border-color: rgba(0, 0, 0, 1);"" rel="""" href=""https://ras.football/ras-information/?PlayerID=16806&ovl=Colts"">Link</a>","Nyheim Hines","RB","2018","North Carolina State","5.68","6.29"
"<a   class=""nt_btn "" style=""color: rgba(0, 0, 0, 1);background-color: rgba(255, 255, 255, 1);border-color: rgba(0, 0, 0, 1);"" rel="""" href=""https://ras.football/ras-information/?PlayerID=27273&ovl=Cowboys"">Link</a>","Jaydon Blue","RB","2025","Texas","6.34","6.34"
"<a   class=""nt_btn "" style=""color: rgba(0, 0, 0, 1);background-color: rgba(255, 255, 255, 1);border-color: rgba(0, 0, 0, 1);"" rel="""" href=""https://ras.football/ras-information/?PlayerID=19459&ovl=Jets"">Link</a>","Michael Carter","RB","2021","North Carolina","6.20","6.38"
"<a   class=""nt_btn "" style=""color: rgba(0, 0, 0, 1);background-color: rgba(255, 255, 255, 1);border-color: rgba(0, 0, 0, 1);"" rel="""" href=""https://ras.football/ras-information/?PlayerID=17459&ovl=Dolphins"">Link</a>","Myles Gaskin","RB","2019","Washington","5.93","6.44"
"<a   class=""nt_btn "" style=""color: rgba(0, 0, 0, 1);background-color: rgba(255, 255, 255, 1);border-color: rgba(0, 0, 0, 1);"" rel="""" href=""https://ras.football/ras-information/?PlayerID=19435&ovl=Bears"">Link</a>","Khalil Herbert","RB","2021","Virginia Tech","6.14","6.51"
"<a   class=""nt_btn "" style=""color: rgba(0, 0, 0, 1);background-color: rgba(255, 255, 255, 1);border-color: rgba(0, 0, 0, 1);"" rel="""" href=""https://ras.football/ras-information/?PlayerID=12702&ovl=Bears"">Link</a>","Jordan Howard","RB","2016","Indiana","5.41","6.55"
"<a   class=""nt_btn "" style=""color: rgba(0, 0, 0, 1);background-color: rgba(255, 255, 255, 1);border-color: rgba(0, 0, 0, 1);"" rel="""" href=""https://ras.football/ras-information/?PlayerID=21367&ovl=Vikings"">Link</a>","Ty Chandler","RB","2022","North Carolina","6.35","6.59"
"<a   class=""nt_btn "" style=""color: rgba(0, 0, 0, 1);background-color: rgba(255, 255, 255, 1);border-color: rgba(0, 0, 0, 1);"" rel="""" href=""https://ras.football/ras-information/?PlayerID=27395&ovl=Browns"">Link</a>","Dylan Sampson","RB","2025","Tennessee","6.60","6.60"
"<a   class=""nt_btn "" style=""color: rgba(0, 0, 0, 1);background-color: rgba(255, 255, 255, 1);border-color: rgba(0, 0, 0, 1);"" rel="""" href=""https://ras.football/ras-information/?PlayerID=17457&ovl=Patriots"">Link</a>","Damien Harris","RB","2019","Alabama","6.36","6.61"
"<a   class=""nt_btn "" style=""color: rgba(0, 0, 0, 1);background-color: rgba(255, 255, 255, 1);border-color: rgba(0, 0, 0, 1);"" rel="""" href=""https://ras.football/ras-information/?PlayerID=25201&ovl=Broncos"">Link</a>","Audric Estime","RB","2024","Notre Dame","6.57","6.62"
"<a   class=""nt_btn "" style=""color: rgba(0, 0, 0, 1);background-color: rgba(255, 255, 255, 1);border-color: rgba(0, 0, 0, 1);"" rel="""" href=""https://ras.football/ras-information/?PlayerID=27137&ovl=Saints"">Link</a>","Devin Neal","RB","2025","Kansas","6.66","6.66"
"<a   class=""nt_btn "" style=""color: rgba(0, 0, 0, 1);background-color: rgba(255, 255, 255, 1);border-color: rgba(0, 0, 0, 1);"" rel="""" href=""https://ras.football/ras-information/?PlayerID=27248&ovl=Texans"">Link</a>","Jo'quavious Marks","RB","2025","Southern California","6.66","6.66"
"<a   class=""nt_btn "" style=""color: rgba(0, 0, 0, 1);background-color: rgba(255, 255, 255, 1);border-color: rgba(0, 0, 0, 1);"" rel="""" href=""https://ras.football/ras-information/?PlayerID=21234&ovl=Ravens"">Link</a>","Tyler Badie","RB","2022","Missouri","6.38","6.68"
"<a   class=""nt_btn "" style=""color: rgba(0, 0, 0, 1);background-color: rgba(255, 255, 255, 1);border-color: rgba(0, 0, 0, 1);"" rel="""" href=""https://ras.football/ras-information/?PlayerID=16067&ovl=Falcons"">Link</a>","Ito Smith","RB","2018","Southern Mississippi","6.26","6.71"
"<a   class=""nt_btn "" style=""color: rgba(0, 0, 0, 1);background-color: rgba(255, 255, 255, 1);border-color: rgba(0, 0, 0, 1);"" rel="""" href=""https://ras.football/ras-information/?PlayerID=16601&ovl=Giants"">Link</a>","Eric Gray","RB","2023","Oklahoma","6.56","6.75"
"<a   class=""nt_btn "" style=""color: rgba(0, 0, 0, 1);background-color: rgba(255, 255, 255, 1);border-color: rgba(0, 0, 0, 1);"" rel="""" href=""https://ras.football/ras-information/?PlayerID=21030&ovl=Commanders"">Link</a>","Brian Robinson Jr.","RB","2022","Alabama","6.58","6.79"
"<a   class=""nt_btn "" style=""color: rgba(0, 0, 0, 1);background-color: rgba(255, 255, 255, 1);border-color: rgba(0, 0, 0, 1);"" rel="""" href=""https://ras.football/ras-information/?PlayerID=27122&ovl=Panthers"">Link</a>","Trevor Etienne","RB","2025","Georgia","6.94","6.94"
"<a   class=""nt_btn "" style=""color: rgba(0, 0, 0, 1);background-color: rgba(255, 255, 255, 1);border-color: rgba(0, 0, 0, 1);"" rel="""" href=""https://ras.football/ras-information/?PlayerID=12102&ovl=49ers"">Link</a>","Mike Davis","RB","2015","South Carolina","6.09","6.95"
"<a   class=""nt_btn "" style=""color: rgba(0, 0, 0, 1);background-color: rgba(255, 255, 255, 1);border-color: rgba(0, 0, 0, 1);"" rel="""" href=""https://ras.football/ras-information/?PlayerID=12022&ovl=Bills"">Link</a>","Karlos Williams","RB","2015","Florida State","6.41","6.97"
"<a   class=""nt_btn "" style=""color: rgba(0, 0, 0, 1);background-color: rgba(255, 255, 255, 1);border-color: rgba(0, 0, 0, 1);"" rel="""" href=""https://ras.football/ras-information/?PlayerID=21583&ovl=49ers"">Link</a>","Tyrion Davis-Price","RB","2022","Louisiana State","6.65","6.98"
"<a   class=""nt_btn "" style=""color: rgba(0, 0, 0, 1);background-color: rgba(255, 255, 255, 1);border-color: rgba(0, 0, 0, 1);"" rel="""" href=""https://ras.football/ras-information/?PlayerID=15113&ovl=Giants"">Link</a>","Wayne Gallman","RB","2017","Clemson","6.28","6.99"
"<a   class=""nt_btn "" style=""color: rgba(0, 0, 0, 1);background-color: rgba(255, 255, 255, 1);border-color: rgba(0, 0, 0, 1);"" rel="""" href=""https://ras.football/ras-information/?PlayerID=11762&ovl=Panthers"">Link</a>","Cameron Artis-Payne","RB","2015","Auburn","6.00","7.10"
"<a   class=""nt_btn "" style=""color: rgba(0, 0, 0, 1);background-color: rgba(255, 255, 255, 1);border-color: rgba(0, 0, 0, 1);"" rel="""" href=""https://ras.football/ras-information/?PlayerID=21582&ovl=Jaguars"">Link</a>","Snoop Conner","RB","2022","Mississippi","7.03","7.15"
"<a   class=""nt_btn "" style=""color: rgba(0, 0, 0, 1);background-color: rgba(255, 255, 255, 1);border-color: rgba(0, 0, 0, 1);"" rel="""" href=""https://ras.football/ras-information/?PlayerID=27094&ovl=Rams"">Link</a>","Jarquez Hunter","RB","2025","Auburn","7.17","7.17"
"<a   class=""nt_btn "" style=""color: rgba(0, 0, 0, 1);background-color: rgba(255, 255, 255, 1);border-color: rgba(0, 0, 0, 1);"" rel="""" href=""https://ras.football/ras-information/?PlayerID=21438&ovl=Browns"">Link</a>","Jerome Ford","RB","2022","Cincinnati","6.91","7.20"
"<a   class=""nt_btn "" style=""color: rgba(0, 0, 0, 1);background-color: rgba(255, 255, 255, 1);border-color: rgba(0, 0, 0, 1);"" rel="""" href=""https://ras.football/ras-information/?PlayerID=27215&ovl=Chiefs"">Link</a>","Brashard Smith","RB","2025","Southern Methodist","7.21","7.21"
"<a   class=""nt_btn "" style=""color: rgba(0, 0, 0, 1);background-color: rgba(255, 255, 255, 1);border-color: rgba(0, 0, 0, 1);"" rel="""" href=""https://ras.football/ras-information/?PlayerID=21110&ovl=Texans"">Link</a>","Dameon Pierce","RB","2022","Florida","7.09","7.24"
"<a   class=""nt_btn "" style=""color: rgba(0, 0, 0, 1);background-color: rgba(255, 255, 255, 1);border-color: rgba(0, 0, 0, 1);"" rel="""" href=""https://ras.football/ras-information/?PlayerID=19076&ovl=Vikings"">Link</a>","Alexander Mattison","RB","2019","Boise State","6.81","7.30"
"<a   class=""nt_btn "" style=""color: rgba(0, 0, 0, 1);background-color: rgba(255, 255, 255, 1);border-color: rgba(0, 0, 0, 1);"" rel="""" href=""https://ras.football/ras-information/?PlayerID=21396&ovl=Patriots"">Link</a>","Kevin Harris","RB","2022","South Carolina","7.13","7.37"
"<a   class=""nt_btn "" style=""color: rgba(0, 0, 0, 1);background-color: rgba(255, 255, 255, 1);border-color: rgba(0, 0, 0, 1);"" rel="""" href=""https://ras.football/ras-information/?PlayerID=25252&ovl=Jaguars"">Link</a>","Keilan Robinson","RB","2024","Texas","7.32","7.39"
"<a   class=""nt_btn "" style=""color: rgba(0, 0, 0, 1);background-color: rgba(255, 255, 255, 1);border-color: rgba(0, 0, 0, 1);"" rel="""" href=""https://ras.football/ras-information/?PlayerID=16877&ovl=Seahawks"">Link</a>","Rashaad Penny","RB","2018","San Diego State","7.26","7.45"
"<a   class=""nt_btn "" style=""color: rgba(0, 0, 0, 1);background-color: rgba(255, 255, 255, 1);border-color: rgba(0, 0, 0, 1);"" rel="""" href=""https://ras.football/ras-information/?PlayerID=27085&ovl=Giants"">Link</a>","Cameron Skattebo","RB","2025","Arizona State","7.45","7.45"
"<a   class=""nt_btn "" style=""color: rgba(0, 0, 0, 1);background-color: rgba(255, 255, 255, 1);border-color: rgba(0, 0, 0, 1);"" rel="""" href=""https://ras.football/ras-information/?PlayerID=19013&ovl=Cowboys"">Link</a>","Mike Weber","RB","2019","Ohio State","7.01","7.52"
"<a   class=""nt_btn "" style=""color: rgba(0, 0, 0, 1);background-color: rgba(255, 255, 255, 1);border-color: rgba(0, 0, 0, 1);"" rel="""" href=""https://ras.football/ras-information/?PlayerID=11887&ovl=Browns"">Link</a>","Duke Johnson","RB","2015","Miami","6.98","7.53"
"<a   class=""nt_btn "" style=""color: rgba(0, 0, 0, 1);background-color: rgba(255, 255, 255, 1);border-color: rgba(0, 0, 0, 1);"" rel="""" href=""https://ras.football/ras-information/?PlayerID=12699&ovl=Bills"">Link</a>","Jonathan Williams","RB","2016","Arkansas","6.40","7.55"
"<a   class=""nt_btn "" style=""color: rgba(0, 0, 0, 1);background-color: rgba(255, 255, 255, 1);border-color: rgba(0, 0, 0, 1);"" rel="""" href=""https://ras.football/ras-information/?PlayerID=20140&ovl=Lions"">Link</a>","D'Andre Swift","RB","2020","Georgia","7.55","7.56"
"<a   class=""nt_btn "" style=""color: rgba(0, 0, 0, 1);background-color: rgba(255, 255, 255, 1);border-color: rgba(0, 0, 0, 1);"" rel="""" href=""https://ras.football/ras-information/?PlayerID=19048&ovl=Buccaneers"">Link</a>","Raymond Calais","RB","2020","Louisiana","7.60","7.58"
"<a   class=""nt_btn "" style=""color: rgba(0, 0, 0, 1);background-color: rgba(255, 255, 255, 1);border-color: rgba(0, 0, 0, 1);"" rel="""" href=""https://ras.football/ras-information/?PlayerID=12763&ovl=Dolphins"">Link</a>","Kenyan Drake","RB","2016","Alabama","6.98","7.63"
"<a   class=""nt_btn "" style=""color: rgba(0, 0, 0, 1);background-color: rgba(255, 255, 255, 1);border-color: rgba(0, 0, 0, 1);"" rel="""" href=""https://ras.football/ras-information/?PlayerID=19859&ovl=Cowboys"">Link</a>","Tony Pollard","RB","2019","Memphis","7.17","7.63"
"<a   class=""nt_btn "" style=""color: rgba(0, 0, 0, 1);background-color: rgba(255, 255, 255, 1);border-color: rgba(0, 0, 0, 1);"" rel="""" href=""https://ras.football/ras-information/?PlayerID=16455&ovl=Lions"">Link</a>","Kerryon Johnson","RB","2018","Auburn","7.09","7.65"
"<a   class=""nt_btn "" style=""color: rgba(0, 0, 0, 1);background-color: rgba(255, 255, 255, 1);border-color: rgba(0, 0, 0, 1);"" rel="""" href=""https://ras.football/ras-information/?PlayerID=15782&ovl=Commanders"">Link</a>","Derrius Guice","RB","2018","Louisiana State","7.37","7.68"
"<a   class=""nt_btn "" style=""color: rgba(0, 0, 0, 1);background-color: rgba(255, 255, 255, 1);border-color: rgba(0, 0, 0, 1);"" rel="""" href=""https://ras.football/ras-information/?PlayerID=12195&ovl=Jaguars"">Link</a>","T.J. Yeldon","RB","2015","Alabama","7.05","7.74"
"<a   class=""nt_btn "" style=""color: rgba(0, 0, 0, 1);background-color: rgba(255, 255, 255, 1);border-color: rgba(0, 0, 0, 1);"" rel="""" href=""https://ras.football/ras-information/?PlayerID=21383&ovl=Falcons"">Link</a>","Tyler Allgeier","RB","2022","BYU","7.40","7.75"
"<a   class=""nt_btn "" style=""color: rgba(0, 0, 0, 1);background-color: rgba(255, 255, 255, 1);border-color: rgba(0, 0, 0, 1);"" rel="""" href=""https://ras.football/ras-information/?PlayerID=18354&ovl=Packers"">Link</a>","Kylin Hill","RB","2021","Mississippi State","7.28","7.76"
"<a   class=""nt_btn "" style=""color: rgba(0, 0, 0, 1);background-color: rgba(255, 255, 255, 1);border-color: rgba(0, 0, 0, 1);"" rel="""" href=""https://ras.football/ras-information/?PlayerID=23071&ovl=Titans"">Link</a>","Tyjae Spears","RB","2023","Tulane","7.51","7.77"
"<a   class=""nt_btn "" style=""color: rgba(0, 0, 0, 1);background-color: rgba(255, 255, 255, 1);border-color: rgba(0, 0, 0, 1);"" rel="""" href=""https://ras.football/ras-information/?PlayerID=14381&ovl=Titans"">Link</a>","Khalfani Muhammad","RB","2017","California","7.52","7.80"
"<a   class=""nt_btn "" style=""color: rgba(0, 0, 0, 1);background-color: rgba(255, 255, 255, 1);border-color: rgba(0, 0, 0, 1);"" rel="""" href=""https://ras.football/ras-information/?PlayerID=12754&ovl=Ravens"">Link</a>","Kenneth Dixon","RB","2016","Louisiana Tech","6.86","7.82"
"<a   class=""nt_btn "" style=""color: rgba(0, 0, 0, 1);background-color: rgba(255, 255, 255, 1);border-color: rgba(0, 0, 0, 1);"" rel="""" href=""https://ras.football/ras-information/?PlayerID=13092&ovl=Eagles"">Link</a>","Wendell Smallwood","RB","2016","West Virginia","7.09","7.86"
"<a   class=""nt_btn "" style=""color: rgba(0, 0, 0, 1);background-color: rgba(255, 255, 255, 1);border-color: rgba(0, 0, 0, 1);"" rel="""" href=""https://ras.football/ras-information/?PlayerID=23070&ovl=Commanders"">Link</a>","Chris Rodriguez Jr.","RB","2023","Kentucky","7.70","7.87"
"<a   class=""nt_btn "" style=""color: rgba(0, 0, 0, 1);background-color: rgba(255, 255, 255, 1);border-color: rgba(0, 0, 0, 1);"" rel="""" href=""https://ras.football/ras-information/?PlayerID=13079&ovl=Chargers"">Link</a>","Joshua Kelley","RB","2020","UCLA","7.59","7.96"
"<a   class=""nt_btn "" style=""color: rgba(0, 0, 0, 1);background-color: rgba(255, 255, 255, 1);border-color: rgba(0, 0, 0, 1);"" rel="""" href=""https://ras.football/ras-information/?PlayerID=12492&ovl=Raiders"">Link</a>","DeAndre Washington","RB","2016","Texas Tech","7.31","8.02"
"<a   class=""nt_btn "" style=""color: rgba(0, 0, 0, 1);background-color: rgba(255, 255, 255, 1);border-color: rgba(0, 0, 0, 1);"" rel="""" href=""https://ras.football/ras-information/?PlayerID=13338&ovl=Falcons"">Link</a>","Brian Hill","RB","2017","Wyoming","7.40","8.02"
"<a   class=""nt_btn "" style=""color: rgba(0, 0, 0, 1);background-color: rgba(255, 255, 255, 1);border-color: rgba(0, 0, 0, 1);"" rel="""" href=""https://ras.football/ras-information/?PlayerID=25129&ovl=Lions"">Link</a>","Sione Vaki","RB","2024","Utah","7.94","8.03"
"<a   class=""nt_btn "" style=""color: rgba(0, 0, 0, 1);background-color: rgba(255, 255, 255, 1);border-color: rgba(0, 0, 0, 1);"" rel="""" href=""https://ras.football/ras-information/?PlayerID=13711&ovl=Packers"">Link</a>","Devante Mays","RB","2017","Utah State","7.66","8.06"
"<a   class=""nt_btn "" style=""color: rgba(0, 0, 0, 1);background-color: rgba(255, 255, 255, 1);border-color: rgba(0, 0, 0, 1);"" rel="""" href=""https://ras.football/ras-information/?PlayerID=14444&ovl=Jaguars"">Link</a>","Leonard Fournette","RB","2017","Louisiana State","8.04","8.07"
"<a   class=""nt_btn "" style=""color: rgba(0, 0, 0, 1);background-color: rgba(255, 255, 255, 1);border-color: rgba(0, 0, 0, 1);"" rel="""" href=""https://ras.football/ras-information/?PlayerID=14939&ovl=Cardinals"">Link</a>","T.J. Logan","RB","2017","North Carolina","7.56","8.09"
"<a   class=""nt_btn "" style=""color: rgba(0, 0, 0, 1);background-color: rgba(255, 255, 255, 1);border-color: rgba(0, 0, 0, 1);"" rel="""" href=""https://ras.football/ras-information/?PlayerID=15509&ovl=Cardinals"">Link</a>","Chase Edmonds","RB","2018","Fordham","7.89","8.11"
"<a   class=""nt_btn "" style=""color: rgba(0, 0, 0, 1);background-color: rgba(255, 255, 255, 1);border-color: rgba(0, 0, 0, 1);"" rel="""" href=""https://ras.football/ras-information/?PlayerID=17466&ovl=Jaguars"">Link</a>","Ryquell Armstead","RB","2019","Temple","7.71","8.13"
"<a   class=""nt_btn "" style=""color: rgba(0, 0, 0, 1);background-color: rgba(255, 255, 255, 1);border-color: rgba(0, 0, 0, 1);"" rel="""" href=""https://ras.football/ras-information/?PlayerID=16318&ovl=Colts"">Link</a>","Jordan Wilkins","RB","2018","Mississippi","7.74","8.15"
"<a   class=""nt_btn "" style=""color: rgba(0, 0, 0, 1);background-color: rgba(255, 255, 255, 1);border-color: rgba(0, 0, 0, 1);"" rel="""" href=""https://ras.football/ras-information/?PlayerID=20015&ovl=Lions"">Link</a>","Jahmyr Gibbs","RB","2023","Alabama","8.06","8.15"
"<a   class=""nt_btn "" style=""color: rgba(0, 0, 0, 1);background-color: rgba(255, 255, 255, 1);border-color: rgba(0, 0, 0, 1);"" rel="""" href=""https://ras.football/ras-information/?PlayerID=19036&ovl=Rams"">Link</a>","Darrell Henderson","RB","2019","Memphis","7.68","8.19"
"<a   class=""nt_btn "" style=""color: rgba(0, 0, 0, 1);background-color: rgba(255, 255, 255, 1);border-color: rgba(0, 0, 0, 1);"" rel="""" href=""https://ras.football/ras-information/?PlayerID=27159&ovl=Seahawks"">Link</a>","Damien Martinez","RB","2025","Miami","8.19","8.19"
"<a   class=""nt_btn "" style=""color: rgba(0, 0, 0, 1);background-color: rgba(255, 255, 255, 1);border-color: rgba(0, 0, 0, 1);"" rel="""" href=""https://ras.football/ras-information/?PlayerID=13463&ovl=Seahawks"">Link</a>","Chris Carson","RB","2017","Oklahoma State","7.91","8.27"
"<a   class=""nt_btn "" style=""color: rgba(0, 0, 0, 1);background-color: rgba(255, 255, 255, 1);border-color: rgba(0, 0, 0, 1);"" rel="""" href=""https://ras.football/ras-information/?PlayerID=19863&ovl=Chiefs"">Link</a>","Darwin Thompson","RB","2019","Utah State","7.99","8.28"
"<a   class=""nt_btn "" style=""color: rgba(0, 0, 0, 1);background-color: rgba(255, 255, 255, 1);border-color: rgba(0, 0, 0, 1);"" rel="""" href=""https://ras.football/ras-information/?PlayerID=27319&ovl=Commanders"">Link</a>","Jacory Croskey-Merritt","RB","2025","Arizona","8.29","8.29"
"<a   class=""nt_btn "" style=""color: rgba(0, 0, 0, 1);background-color: rgba(255, 255, 255, 1);border-color: rgba(0, 0, 0, 1);"" rel="""" href=""https://ras.football/ras-information/?PlayerID=19039&ovl=Lions"">Link</a>","Jason Huntley","RB","2020","New Mexico State","8.08","8.31"
"<a   class=""nt_btn "" style=""color: rgba(0, 0, 0, 1);background-color: rgba(255, 255, 255, 1);border-color: rgba(0, 0, 0, 1);"" rel="""" href=""https://ras.football/ras-information/?PlayerID=13771&ovl=Texans"">Link</a>","D'Onta Foreman","RB","2017","Texas","7.82","8.32"
"<a   class=""nt_btn "" style=""color: rgba(0, 0, 0, 1);background-color: rgba(255, 255, 255, 1);border-color: rgba(0, 0, 0, 1);"" rel="""" href=""https://ras.football/ras-information/?PlayerID=25204&ovl=Rams"">Link</a>","Blake Corum","RB","2024","Michigan","8.29","8.32"
"<a   class=""nt_btn "" style=""color: rgba(0, 0, 0, 1);background-color: rgba(255, 255, 255, 1);border-color: rgba(0, 0, 0, 1);"" rel="""" href=""https://ras.football/ras-information/?PlayerID=14153&ovl=49ers"">Link</a>","Joe Williams","RB","2017","Utah","7.78","8.33"
"<a   class=""nt_btn "" style=""color: rgba(0, 0, 0, 1);background-color: rgba(255, 255, 255, 1);border-color: rgba(0, 0, 0, 1);"" rel="""" href=""https://ras.football/ras-information/?PlayerID=11979&ovl=Bears"">Link</a>","Jeremy Langford","RB","2015","Michigan State","7.52","8.35"
"<a   class=""nt_btn "" style=""color: rgba(0, 0, 0, 1);background-color: rgba(255, 255, 255, 1);border-color: rgba(0, 0, 0, 1);"" rel="""" href=""https://ras.football/ras-information/?PlayerID=15927&ovl=Jaguars"">Link</a>","Tank Bigsby","RB","2023","Auburn","8.32","8.40"
"<a   class=""nt_btn "" style=""color: rgba(0, 0, 0, 1);background-color: rgba(255, 255, 255, 1);border-color: rgba(0, 0, 0, 1);"" rel="""" href=""https://ras.football/ras-information/?PlayerID=17526&ovl=Packers"">Link</a>","Dexter Williams","RB","2019","Notre Dame","8.13","8.43"
"<a   class=""nt_btn "" style=""color: rgba(0, 0, 0, 1);background-color: rgba(255, 255, 255, 1);border-color: rgba(0, 0, 0, 1);"" rel="""" href=""https://ras.football/ras-information/?PlayerID=13062&ovl=Texans"">Link</a>","Tyler Ervin","RB","2016","San Jose State","7.70","8.46"
"<a   class=""nt_btn "" style=""color: rgba(0, 0, 0, 1);background-color: rgba(255, 255, 255, 1);border-color: rgba(0, 0, 0, 1);"" rel="""" href=""https://ras.football/ras-information/?PlayerID=27102&ovl=Broncos"">Link</a>","RJ Harvey","RB","2025","Central Florida","8.49","8.49"
"<a   class=""nt_btn "" style=""color: rgba(0, 0, 0, 1);background-color: rgba(255, 255, 255, 1);border-color: rgba(0, 0, 0, 1);"" rel="""" href=""https://ras.football/ras-information/?PlayerID=16949&ovl=Broncos"">Link</a>","Royce Freeman","RB","2018","Oregon","8.26","8.52"
"<a   class=""nt_btn "" style=""color: rgba(0, 0, 0, 1);background-color: rgba(255, 255, 255, 1);border-color: rgba(0, 0, 0, 1);"" rel="""" href=""https://ras.football/ras-information/?PlayerID=11969&ovl=Ravens"">Link</a>","Javorius Allen","RB","2015","Southern California","8.02","8.53"
"<a   class=""nt_btn "" style=""color: rgba(0, 0, 0, 1);background-color: rgba(255, 255, 255, 1);border-color: rgba(0, 0, 0, 1);"" rel="""" href=""https://ras.football/ras-information/?PlayerID=27281&ovl=Bengals"">Link</a>","Tahj Brooks","RB","2025","Texas Tech","8.58","8.58"
"<a   class=""nt_btn "" style=""color: rgba(0, 0, 0, 1);background-color: rgba(255, 255, 255, 1);border-color: rgba(0, 0, 0, 1);"" rel="""" href=""https://ras.football/ras-information/?PlayerID=25115&ovl=Packers"">Link</a>","MarShawn Lloyd","RB","2024","Southern California","8.62","8.62"
"<a   class=""nt_btn "" style=""color: rgba(0, 0, 0, 1);background-color: rgba(255, 255, 255, 1);border-color: rgba(0, 0, 0, 1);"" rel="""" href=""https://ras.football/ras-information/?PlayerID=13106&ovl=Seahawks"">Link</a>","Zac Brooks","RB","2016","Clemson","7.94","8.63"
"<a   class=""nt_btn "" style=""color: rgba(0, 0, 0, 1);background-color: rgba(255, 255, 255, 1);border-color: rgba(0, 0, 0, 1);"" rel="""" href=""https://ras.football/ras-information/?PlayerID=19093&ovl=Dolphins"">Link</a>","Gerrid Doaks","RB","2021","Cincinnati","8.30","8.65"
"<a   class=""nt_btn "" style=""color: rgba(0, 0, 0, 1);background-color: rgba(255, 255, 255, 1);border-color: rgba(0, 0, 0, 1);"" rel="""" href=""https://ras.football/ras-information/?PlayerID=13171&ovl=Saints"">Link</a>","Alvin Kamara","RB","2017","Tennessee","8.08","8.67"
"<a   class=""nt_btn "" style=""color: rgba(0, 0, 0, 1);background-color: rgba(255, 255, 255, 1);border-color: rgba(0, 0, 0, 1);"" rel="""" href=""https://ras.football/ras-information/?PlayerID=19016&ovl=Seahawks"">Link</a>","Travis Homer","RB","2019","Miami","8.34","8.69"
"<a   class=""nt_btn "" style=""color: rgba(0, 0, 0, 1);background-color: rgba(255, 255, 255, 1);border-color: rgba(0, 0, 0, 1);"" rel="""" href=""https://ras.football/ras-information/?PlayerID=12387&ovl=Seahawks"">Link</a>","C.J. Prosise","RB","2016","Notre Dame","8.07","8.71"
"<a   class=""nt_btn "" style=""color: rgba(0, 0, 0, 1);background-color: rgba(255, 255, 255, 1);border-color: rgba(0, 0, 0, 1);"" rel="""" href=""https://ras.football/ras-information/?PlayerID=17991&ovl=Panthers"">Link</a>","Chuba Hubbard","RB","2021","Oklahoma State","8.43","8.72"
"<a   class=""nt_btn "" style=""color: rgba(0, 0, 0, 1);background-color: rgba(255, 255, 255, 1);border-color: rgba(0, 0, 0, 1);"" rel="""" href=""https://ras.football/ras-information/?PlayerID=23031&ovl=Bears"">Link</a>","Roschon Johnson","RB","2023","Texas","8.67","8.74"
"<a   class=""nt_btn "" style=""color: rgba(0, 0, 0, 1);background-color: rgba(255, 255, 255, 1);border-color: rgba(0, 0, 0, 1);"" rel="""" href=""https://ras.football/ras-information/?PlayerID=13459&ovl=Panthers"">Link</a>","Christian McCaffrey","RB","2017","Stanford","8.52","8.78"
"<a   class=""nt_btn "" style=""color: rgba(0, 0, 0, 1);background-color: rgba(255, 255, 255, 1);border-color: rgba(0, 0, 0, 1);"" rel="""" href=""https://ras.football/ras-information/?PlayerID=14111&ovl=Buccaneers"">Link</a>","Jeremy Mcnichols","RB","2017","Boise State","8.39","8.79"
"<a   class=""nt_btn "" style=""color: rgba(0, 0, 0, 1);background-color: rgba(255, 255, 255, 1);border-color: rgba(0, 0, 0, 1);"" rel="""" href=""https://ras.football/ras-information/?PlayerID=25113&ovl=Raiders"">Link</a>","Dylan Laube","RB","2024","New Hampshire","8.78","8.81"
"<a   class=""nt_btn "" style=""color: rgba(0, 0, 0, 1);background-color: rgba(255, 255, 255, 1);border-color: rgba(0, 0, 0, 1);"" rel="""" href=""https://ras.football/ras-information/?PlayerID=23220&ovl=Seahawks"">Link</a>","Zach Charbonnet","RB","2023","UCLA","8.71","8.82"
"<a   class=""nt_btn "" style=""color: rgba(0, 0, 0, 1);background-color: rgba(255, 255, 255, 1);border-color: rgba(0, 0, 0, 1);"" rel="""" href=""https://ras.football/ras-information/?PlayerID=14719&ovl=Bears"">Link</a>","Kerrith Whyte Jr.","RB","2019","Florida Atlantic","8.58","8.83"
"<a   class=""nt_btn "" style=""color: rgba(0, 0, 0, 1);background-color: rgba(255, 255, 255, 1);border-color: rgba(0, 0, 0, 1);"" rel="""" href=""https://ras.football/ras-information/?PlayerID=21039&ovl=Bills"">Link</a>","James Cook","RB","2022","Georgia","8.75","8.83"
"<a   class=""nt_btn "" style=""color: rgba(0, 0, 0, 1);background-color: rgba(255, 255, 255, 1);border-color: rgba(0, 0, 0, 1);"" rel="""" href=""https://ras.football/ras-information/?PlayerID=11690&ovl=Lions"">Link</a>","Ameer Abdullah","RB","2015","Nebraska","8.66","8.84"
"<a   class=""nt_btn "" style=""color: rgba(0, 0, 0, 1);background-color: rgba(255, 255, 255, 1);border-color: rgba(0, 0, 0, 1);"" rel="""" href=""https://ras.football/ras-information/?PlayerID=23221&ovl=Rams"">Link</a>","Zach Evans","RB","2023","Mississippi","8.75","8.84"
"<a   class=""nt_btn "" style=""color: rgba(0, 0, 0, 1);background-color: rgba(255, 255, 255, 1);border-color: rgba(0, 0, 0, 1);"" rel="""" href=""https://ras.football/ras-information/?PlayerID=12572&ovl=Cowboys"">Link</a>","Ezekiel Elliott","RB","2016","Ohio State","8.65","8.86"
"<a   class=""nt_btn "" style=""color: rgba(0, 0, 0, 1);background-color: rgba(255, 255, 255, 1);border-color: rgba(0, 0, 0, 1);"" rel="""" href=""https://ras.football/ras-information/?PlayerID=21579&ovl=Cardinals"">Link</a>","Keaontay Ingram","RB","2022","Southern California","8.67","8.87"
"<a   class=""nt_btn "" style=""color: rgba(0, 0, 0, 1);background-color: rgba(255, 255, 255, 1);border-color: rgba(0, 0, 0, 1);"" rel="""" href=""https://ras.football/ras-information/?PlayerID=27616&ovl=Patriots"">Link</a>","TreVeyon Henderson","RB","2025","Ohio State","8.87","8.87"
"<a   class=""nt_btn "" style=""color: rgba(0, 0, 0, 1);background-color: rgba(255, 255, 255, 1);border-color: rgba(0, 0, 0, 1);"" rel="""" href=""https://ras.football/ras-information/?PlayerID=25114&ovl=Jets"">Link</a>","Isaiah Davis","RB","2024","South Dakota State","8.86","8.90"
"<a   class=""nt_btn "" style=""color: rgba(0, 0, 0, 1);background-color: rgba(255, 255, 255, 1);border-color: rgba(0, 0, 0, 1);"" rel="""" href=""https://ras.football/ras-information/?PlayerID=15374&ovl=Saints"">Link</a>","Boston Scott","RB","2018","Louisiana Tech","8.85","8.91"
"<a   class=""nt_btn "" style=""color: rgba(0, 0, 0, 1);background-color: rgba(255, 255, 255, 1);border-color: rgba(0, 0, 0, 1);"" rel="""" href=""https://ras.football/ras-information/?PlayerID=25118&ovl=Chargers"">Link</a>","Kimani Vidal","RB","2024","Troy","8.88","8.93"
"<a   class=""nt_btn "" style=""color: rgba(0, 0, 0, 1);background-color: rgba(255, 255, 255, 1);border-color: rgba(0, 0, 0, 1);"" rel="""" href=""https://ras.football/ras-information/?PlayerID=16377&ovl=Chargers"">Link</a>","Justin Jackson","RB","2018","Northwestern","8.84","8.95"
"<a   class=""nt_btn "" style=""color: rgba(0, 0, 0, 1);background-color: rgba(255, 255, 255, 1);border-color: rgba(0, 0, 0, 1);"" rel="""" href=""https://ras.football/ras-information/?PlayerID=19767&ovl=Broncos"">Link</a>","Javonte Williams","RB","2021","North Carolina","8.79","8.95"
"<a   class=""nt_btn "" style=""color: rgba(0, 0, 0, 1);background-color: rgba(255, 255, 255, 1);border-color: rgba(0, 0, 0, 1);"" rel="""" href=""https://ras.football/ras-information/?PlayerID=14520&ovl=Colts"">Link</a>","Marlon Mack","RB","2017","South Florida","8.78","8.96"
"<a   class=""nt_btn "" style=""color: rgba(0, 0, 0, 1);background-color: rgba(255, 255, 255, 1);border-color: rgba(0, 0, 0, 1);"" rel="""" href=""https://ras.football/ras-information/?PlayerID=20143&ovl=Rams"">Link</a>","Cam Akers","RB","2020","Florida State","8.79","8.96"
"<a   class=""nt_btn "" style=""color: rgba(0, 0, 0, 1);background-color: rgba(255, 255, 255, 1);border-color: rgba(0, 0, 0, 1);"" rel="""" href=""https://ras.football/ras-information/?PlayerID=11971&ovl=Dolphins"">Link</a>","Jay Ajayi","RB","2015","Boise State","8.63","8.99"
"<a   class=""nt_btn "" style=""color: rgba(0, 0, 0, 1);background-color: rgba(255, 255, 255, 1);border-color: rgba(0, 0, 0, 1);"" rel="""" href=""https://ras.football/ras-information/?PlayerID=12097&ovl=Chargers"">Link</a>","Melvin Gordon","RB","2015","Wisconsin","8.74","9.07"
"<a   class=""nt_btn "" style=""color: rgba(0, 0, 0, 1);background-color: rgba(255, 255, 255, 1);border-color: rgba(0, 0, 0, 1);"" rel="""" href=""https://ras.football/ras-information/?PlayerID=21025&ovl=Chiefs"">Link</a>","Isiah Pacheco","RB","2022","Rutgers","8.85","9.09"
"<a   class=""nt_btn "" style=""color: rgba(0, 0, 0, 1);background-color: rgba(255, 255, 255, 1);border-color: rgba(0, 0, 0, 1);"" rel="""" href=""https://ras.football/ras-information/?PlayerID=20185&ovl=Titans"">Link</a>","Darrynton Evans","RB","2020","Appalachian State","9.11","9.11"
"<a   class=""nt_btn "" style=""color: rgba(0, 0, 0, 1);background-color: rgba(255, 255, 255, 1);border-color: rgba(0, 0, 0, 1);"" rel="""" href=""https://ras.football/ras-information/?PlayerID=12511&ovl=Titans"">Link</a>","Derrick Henry","RB","2016","Alabama","8.77","9.15"
"<a   class=""nt_btn "" style=""color: rgba(0, 0, 0, 1);background-color: rgba(255, 255, 255, 1);border-color: rgba(0, 0, 0, 1);"" rel="""" href=""https://ras.football/ras-information/?PlayerID=17187&ovl=Jets"">Link</a>","Trenton Cannon","RB","2018","Virginia State","9.07","9.22"
"<a   class=""nt_btn "" style=""color: rgba(0, 0, 0, 1);background-color: rgba(255, 255, 255, 1);border-color: rgba(0, 0, 0, 1);"" rel="""" href=""https://ras.football/ras-information/?PlayerID=17851&ovl=Jaguars"">Link</a>","Travis Etienne","RB","2021","Clemson","9.12","9.22"
"<a   class=""nt_btn "" style=""color: rgba(0, 0, 0, 1);background-color: rgba(255, 255, 255, 1);border-color: rgba(0, 0, 0, 1);"" rel="""" href=""https://ras.football/ras-information/?PlayerID=17044&ovl=Patriots"">Link</a>","Sony Michel","RB","2018","Georgia","8.95","9.25"
"<a   class=""nt_btn "" style=""color: rgba(0, 0, 0, 1);background-color: rgba(255, 255, 255, 1);border-color: rgba(0, 0, 0, 1);"" rel="""" href=""https://ras.football/ras-information/?PlayerID=20141&ovl=Packers"">Link</a>","A.J. Dillon","RB","2020","Boston College","9.15","9.25"
"<a   class=""nt_btn "" style=""color: rgba(0, 0, 0, 1);background-color: rgba(255, 255, 255, 1);border-color: rgba(0, 0, 0, 1);"" rel="""" href=""https://ras.football/ras-information/?PlayerID=21663&ovl=Seahawks"">Link</a>","Kenneth Walker III","RB","2022","Michigan State","9.24","9.27"
"<a   class=""nt_btn "" style=""color: rgba(0, 0, 0, 1);background-color: rgba(255, 255, 255, 1);border-color: rgba(0, 0, 0, 1);"" rel="""" href=""https://ras.football/ras-information/?PlayerID=16405&ovl=Dolphins"">Link</a>","Kalen Ballage","RB","2018","Arizona State","9.12","9.28"
"<a   class=""nt_btn "" style=""color: rgba(0, 0, 0, 1);background-color: rgba(255, 255, 255, 1);border-color: rgba(0, 0, 0, 1);"" rel="""" href=""https://ras.football/ras-information/?PlayerID=19014&ovl=Ravens"">Link</a>","Justice Hill","RB","2019","Oklahoma State","9.33","9.34"
"<a   class=""nt_btn "" style=""color: rgba(0, 0, 0, 1);background-color: rgba(255, 255, 255, 1);border-color: rgba(0, 0, 0, 1);"" rel="""" href=""https://ras.football/ras-information/?PlayerID=15366&ovl=Cowboys"">Link</a>","Bo Scarbrough","RB","2018","Alabama","9.25","9.35"
"<a   class=""nt_btn "" style=""color: rgba(0, 0, 0, 1);background-color: rgba(255, 255, 255, 1);border-color: rgba(0, 0, 0, 1);"" rel="""" href=""https://ras.football/ras-information/?PlayerID=16770&ovl=Browns"">Link</a>","Nick Chubb","RB","2018","Georgia","9.15","9.35"
"<a   class=""nt_btn "" style=""color: rgba(0, 0, 0, 1);background-color: rgba(255, 255, 255, 1);border-color: rgba(0, 0, 0, 1);"" rel="""" href=""https://ras.football/ras-information/?PlayerID=17286&ovl=Colts"">Link</a>","Evan Hull","RB","2023","Northwestern","9.33","9.39"
"<a   class=""nt_btn "" style=""color: rgba(0, 0, 0, 1);background-color: rgba(255, 255, 255, 1);border-color: rgba(0, 0, 0, 1);"" rel="""" href=""https://ras.football/ras-information/?PlayerID=13119&ovl=Packers"">Link</a>","Aaron Jones","RB","2017","Texas-El Paso","9.21","9.40"
"<a   class=""nt_btn "" style=""color: rgba(0, 0, 0, 1);background-color: rgba(255, 255, 255, 1);border-color: rgba(0, 0, 0, 1);"" rel="""" href=""https://ras.football/ras-information/?PlayerID=21372&ovl=Patriots"">Link</a>","Pierre Strong Jr.","RB","2022","South Dakota State","9.34","9.41"
"<a   class=""nt_btn "" style=""color: rgba(0, 0, 0, 1);background-color: rgba(255, 255, 255, 1);border-color: rgba(0, 0, 0, 1);"" rel="""" href=""https://ras.football/ras-information/?PlayerID=19063&ovl=Eagles"">Link</a>","Miles Sanders","RB","2019","Penn State","9.48","9.53"
"<a   class=""nt_btn "" style=""color: rgba(0, 0, 0, 1);background-color: rgba(255, 255, 255, 1);border-color: rgba(0, 0, 0, 1);"" rel="""" href=""https://ras.football/ras-information/?PlayerID=27254&ovl=Jaguars"">Link</a>","Bhayshul Tuten","RB","2025","Virginia Tech","9.56","9.56"
"<a   class=""nt_btn "" style=""color: rgba(0, 0, 0, 1);background-color: rgba(255, 255, 255, 1);border-color: rgba(0, 0, 0, 1);"" rel="""" href=""https://ras.football/ras-information/?PlayerID=19404&ovl=49ers"">Link</a>","Elijah Mitchell","RB","2021","Louisiana","9.50","9.57"
"<a   class=""nt_btn "" style=""color: rgba(0, 0, 0, 1);background-color: rgba(255, 255, 255, 1);border-color: rgba(0, 0, 0, 1);"" rel="""" href=""https://ras.football/ras-information/?PlayerID=20139&ovl=Colts"">Link</a>","Jonathan Taylor","RB","2020","Wisconsin","9.53","9.59"
"<a   class=""nt_btn "" style=""color: rgba(0, 0, 0, 1);background-color: rgba(255, 255, 255, 1);border-color: rgba(0, 0, 0, 1);"" rel="""" href=""https://ras.football/ras-information/?PlayerID=25198&ovl=Eagles"">Link</a>","Will Shipley","RB","2024","Clemson","9.57","9.59"
"<a   class=""nt_btn "" style=""color: rgba(0, 0, 0, 1);background-color: rgba(255, 255, 255, 1);border-color: rgba(0, 0, 0, 1);"" rel="""" href=""https://ras.football/ras-information/?PlayerID=14149&ovl=Bengals"">Link</a>","Joe Mixon","RB","2017","Oklahoma","9.46","9.60"
"<a   class=""nt_btn "" style=""color: rgba(0, 0, 0, 1);background-color: rgba(255, 255, 255, 1);border-color: rgba(0, 0, 0, 1);"" rel="""" href=""https://ras.football/ras-information/?PlayerID=12747&ovl=Commanders"">Link</a>","Keith Marshall","RB","2016","Georgia","9.35","9.64"
"<a   class=""nt_btn "" style=""color: rgba(0, 0, 0, 1);background-color: rgba(255, 255, 255, 1);border-color: rgba(0, 0, 0, 1);"" rel="""" href=""https://ras.football/ras-information/?PlayerID=23219&ovl=Jets"">Link</a>","Israel Abanikanda","RB","2023","Pittsburgh","9.63","9.66"
"<a   class=""nt_btn "" style=""color: rgba(0, 0, 0, 1);background-color: rgba(255, 255, 255, 1);border-color: rgba(0, 0, 0, 1);"" rel="""" href=""https://ras.football/ras-information/?PlayerID=27244&ovl=Chargers"">Link</a>","Omarion Hampton","RB","2025","North Carolina","9.70","9.70"
"<a   class=""nt_btn "" style=""color: rgba(0, 0, 0, 1);background-color: rgba(255, 255, 255, 1);border-color: rgba(0, 0, 0, 1);"" rel="""" href=""https://ras.football/ras-information/?PlayerID=19522&ovl=49ers"">Link</a>","Trey Sermon","RB","2021","Ohio State","9.67","9.71"
"<a   class=""nt_btn "" style=""color: rgba(0, 0, 0, 1);background-color: rgba(255, 255, 255, 1);border-color: rgba(0, 0, 0, 1);"" rel="""" href=""https://ras.football/ras-information/?PlayerID=17491&ovl=Lions"">Link</a>","Ty Johnson","RB","2019","Maryland","9.74","9.72"
"<a   class=""nt_btn "" style=""color: rgba(0, 0, 0, 1);background-color: rgba(255, 255, 255, 1);border-color: rgba(0, 0, 0, 1);"" rel="""" href=""https://ras.football/ras-information/?PlayerID=19153&ovl=Rams"">Link</a>","Jake Funk","RB","2021","Maryland","9.76","9.75"
"<a   class=""nt_btn "" style=""color: rgba(0, 0, 0, 1);background-color: rgba(255, 255, 255, 1);border-color: rgba(0, 0, 0, 1);"" rel="""" href=""https://ras.football/ras-information/?PlayerID=25187&ovl=Cardinals"">Link</a>","Trey Benson","RB","2024","Florida State","9.76","9.76"
"<a   class=""nt_btn "" style=""color: rgba(0, 0, 0, 1);background-color: rgba(255, 255, 255, 1);border-color: rgba(0, 0, 0, 1);"" rel="""" href=""https://ras.football/ras-information/?PlayerID=12460&ovl=Saints"">Link</a>","Daniel Lasco","RB","2016","California","9.61","9.77"
"<a   class=""nt_btn "" style=""color: rgba(0, 0, 0, 1);background-color: rgba(255, 255, 255, 1);border-color: rgba(0, 0, 0, 1);"" rel="""" href=""https://ras.football/ras-information/?PlayerID=27205&ovl=Colts"">Link</a>","DJ Giddens","RB","2025","Kansas State","9.78","9.78"
"<a   class=""nt_btn "" style=""color: rgba(0, 0, 0, 1);background-color: rgba(255, 255, 255, 1);border-color: rgba(0, 0, 0, 1);"" rel="""" href=""https://ras.football/ras-information/?PlayerID=24938&ovl=Giants"">Link</a>","Tyrone Tracy Jr.","RB","2024","Purdue","9.78","9.80"
"<a   class=""nt_btn "" style=""color: rgba(0, 0, 0, 1);background-color: rgba(255, 255, 255, 1);border-color: rgba(0, 0, 0, 1);"" rel="""" href=""https://ras.football/ras-information/?PlayerID=12210&ovl=Falcons"">Link</a>","Tevin Coleman","RB","2015","Indiana","9.72","9.81"
"<a   class=""nt_btn "" style=""color: rgba(0, 0, 0, 1);background-color: rgba(255, 255, 255, 1);border-color: rgba(0, 0, 0, 1);"" rel="""" href=""https://ras.football/ras-information/?PlayerID=23030&ovl=Bengals"">Link</a>","Chase Brown","RB","2023","Illinois","9.81","9.81"
"<a   class=""nt_btn "" style=""color: rgba(0, 0, 0, 1);background-color: rgba(255, 255, 255, 1);border-color: rgba(0, 0, 0, 1);"" rel="""" href=""https://ras.football/ras-information/?PlayerID=25117&ovl=Dolphins"">Link</a>","Jaylen Wright","RB","2024","Tennessee","9.81","9.82"
"<a   class=""nt_btn "" style=""color: rgba(0, 0, 0, 1);background-color: rgba(255, 255, 255, 1);border-color: rgba(0, 0, 0, 1);"" rel="""" href=""https://ras.football/ras-information/?PlayerID=21574&ovl=Raiders"">Link</a>","Zamir White","RB","2022","Georgia","9.81","9.83"
"<a   class=""nt_btn "" style=""color: rgba(0, 0, 0, 1);background-color: rgba(255, 255, 255, 1);border-color: rgba(0, 0, 0, 1);"" rel="""" href=""https://ras.football/ras-information/?PlayerID=20006&ovl=Falcons"">Link</a>","Bijan Robinson","RB","2023","Texas","9.85","9.84"
"<a   class=""nt_btn "" style=""color: rgba(0, 0, 0, 1);background-color: rgba(255, 255, 255, 1);border-color: rgba(0, 0, 0, 1);"" rel="""" href=""https://ras.football/ras-information/?PlayerID=21191&ovl=Chargers"">Link</a>","Zander Horvath","RB","2022","Purdue","9.83","9.85"
"<a   class=""nt_btn "" style=""color: rgba(0, 0, 0, 1);background-color: rgba(255, 255, 255, 1);border-color: rgba(0, 0, 0, 1);"" rel="""" href=""https://ras.football/ras-information/?PlayerID=19362&ovl=Bengals"">Link</a>","Chris Evans","RB","2021","Michigan","9.84","9.87"
"<a   class=""nt_btn "" style=""color: rgba(0, 0, 0, 1);background-color: rgba(255, 255, 255, 1);border-color: rgba(0, 0, 0, 1);"" rel="""" href=""https://ras.football/ras-information/?PlayerID=12557&ovl=Lions"">Link</a>","Dwayne Washington","RB","2016","Washington","9.82","9.89"
"<a   class=""nt_btn "" style=""color: rgba(0, 0, 0, 1);background-color: rgba(255, 255, 255, 1);border-color: rgba(0, 0, 0, 1);"" rel="""" href=""https://ras.football/ras-information/?PlayerID=20987&ovl=Buccaneers"">Link</a>","Rachaad White","RB","2022","Arizona State","9.87","9.89"
"<a   class=""nt_btn "" style=""color: rgba(0, 0, 0, 1);background-color: rgba(255, 255, 255, 1);border-color: rgba(0, 0, 0, 1);"" rel="""" href=""https://ras.football/ras-information/?PlayerID=27145&ovl=Browns"">Link</a>","Quinshon Judkins","RB","2025","Ohio State","9.90","9.90"
"<a   class=""nt_btn "" style=""color: rgba(0, 0, 0, 1);background-color: rgba(255, 255, 255, 1);border-color: rgba(0, 0, 0, 1);"" rel="""" href=""https://ras.football/ras-information/?PlayerID=24937&ovl=49ers"">Link</a>","Isaac Guerendo","RB","2024","Louisville","9.90","9.91"
"<a   class=""nt_btn "" style=""color: rgba(0, 0, 0, 1);background-color: rgba(255, 255, 255, 1);border-color: rgba(0, 0, 0, 1);"" rel="""" href=""https://ras.football/ras-information/?PlayerID=19205&ovl=Vikings"">Link</a>","Kene Nwangwu","RB","2021","Iowa State","9.88","9.92"
"<a   class=""nt_btn "" style=""color: rgba(0, 0, 0, 1);background-color: rgba(255, 255, 255, 1);border-color: rgba(0, 0, 0, 1);"" rel="""" href=""https://ras.football/ras-information/?PlayerID=11838&ovl=Cardinals"">Link</a>","David Johnson","RB","2015","Northern Iowa","9.84","9.93"
"<a   class=""nt_btn "" style=""color: rgba(0, 0, 0, 1);background-color: rgba(255, 255, 255, 1);border-color: rgba(0, 0, 0, 1);"" rel="""" href=""https://ras.football/ras-information/?PlayerID=12468&ovl=Cowboys"">Link</a>","Darius Jackson","RB","2016","Eastern Michigan","9.85","9.95"
"<a   class=""nt_btn "" style=""color: rgba(0, 0, 0, 1);background-color: rgba(255, 255, 255, 1);border-color: rgba(0, 0, 0, 1);"" rel="""" href=""https://ras.football/ras-information/?PlayerID=21437&ovl=Jets"">Link</a>","Breece Hall","RB","2022","Iowa State","9.96","9.97"
"<a   class=""nt_btn "" style=""color: rgba(0, 0, 0, 1);background-color: rgba(255, 255, 255, 1);border-color: rgba(0, 0, 0, 1);"" rel="""" href=""https://ras.football/ras-information/?PlayerID=16991&ovl=Giants"">Link</a>","Saquon Barkley","RB","2018","Penn State","9.97","9.99"
